ID,Business Size,Service Category,Product/Service,Description,Delivery Method,Team Size,Estimated Delivery Time,Modifiers,Price (USD),Fair Market Price Range in USA,Unit
1,Small,Brand Identity,Logo Design (Basic),"A simple, professional logo tailored to your brand, featuring clean design and limited revisions.",Digital Delivery,1,1 Hour,"Additional revisions, expedited delivery",100,80 - 150,Project
2,Small,Brand Identity,Logo Design (Detailed),"A comprehensive logo design process, including detailed research, custom graphics, multiple revisions, and a full brand identity concept.",Digital Delivery,1,1 Business Day,"Advanced branding consultation, additional logo concepts",300,250 - 500,Project
3,All Business Sizes,Mobile/Web Development,Landing Page,"A visually engaging single web page designed to capture leads or drive conversions, optimized for SEO and mobile-friendly.",Digital Delivery,2,2-3 Business Days,"SEO optimization, custom animations",500,400 - 800,Project
4,All Business Sizes,Custom Prints,Business Cards (100 pieces),"High-quality printed business cards with custom designs, showcasing your brand's logo, contact details, and professional image.",Physical Shipment,1,1 Business Day,"Premium materials, embossed printing",50,40 - 100,Project
5,All Business Sizes,Custom Prints,Event Banners,"Bold, high-resolution banners designed for events, conferences, or advertising, customized for size and branding needs.",Physical Shipment,2,2-3 Business Days,"Custom sizes, double-sided printing",150,100 - 300,Project
6,All Business Sizes,Computer Programming,Simple Script,"A short, straightforward script or automation tailored to a specific task or integration, ensuring efficiency and functionality.",Digital Delivery,1,1 Business Day,"Advanced features, multi-platform compatibility",200,150 - 350,Project
7,All Business Sizes,Computer Programming,API Integration,"Seamless integration of third-party APIs into your system, enabling data exchange and enhanced application functionality.",Digital Delivery,3,2-3 Business Days,"Priority support, complex integrations",1000,"800 - 2,000",Project
8,All Business Sizes,Brand Identity,Full Brand Kit,"A comprehensive package including logos, color schemes, typography, and brand guidelines to maintain consistent brand identity across platforms.",Digital Delivery,3,2-3 Business Days,"Additional visual assets, extended consultation",800,"700 - 1,200",Project
9,All Business Sizes,Mobile/Web Development,E-commerce Website,"A fully functional online store with a sleek design, product listings, payment gateway integration, and user-friendly navigation for seamless shopping experiences.",Digital Delivery,3,2-3 Business Days,"Custom features, multi-language support",3000,"2,500 - 5,000",Project
10,All Business Sizes,Writing,Blog Writing,"Generate ideas, outlines, and content for blogs. Offer writing services to clients.",Digital Delivery,1,1 Hour,"SEO optimization, long-form content",50,40 - 100,Hour
11,All Business Sizes,Brand Identity,Social Media Content,Create engaging posts for social media platforms. Provide regular content updates.,Digital Delivery,1,1 Hour,"Hashtag research, multimedia posts",50,80 - 150,Hour
12,All Business Sizes,Writing,Copywriting,"Develop marketing copy for websites, emails, and advertisements.",Digital Delivery,1,1 Hour,"Brand tone customization, multiple revisions",50,100 - 200,Hour
13,All Business Sizes,Writing,Editing and Proofreading,Assist with editing and proofreading tasks to ensure high-quality content.,Digital Delivery,1,1 Hour,"Rush service, advanced grammar check",50,50 - 100,Hour
14,All Business Sizes,Writing,Transcription Services,Offer transcription services for audio and video content.,Digital Delivery,1,1 Hour,"Timestamped transcription, multilingual support",50,80 - 150,Hour
15,All Business Sizes,Writing,Translation Services,Help translate text between English and Spanish language for various purposes.,Digital Delivery,1,1 Hour,"Additional languages, priority delivery",50,100 - 200,Hour
16,All Business Sizes,Support,Customer Support,Provide customer support services by handling queries and responses.,Digital Delivery,1,1 Hour,"24/7 support, escalation handling",50,150 - 300,Hour
17,All Business Sizes,Assistance,Administrative Tasks,"Assist with tasks like email management, scheduling, and data entry.",Digital Delivery,1,1 Hour,"Custom templates, bulk task handling",50,30 - 70,Hour
18,All Business Sizes,Education,Online Tutoring,"Create lesson plans, study guides, and answer questions for tutoring sessions.",Digital Delivery,1,1 Hour,"Custom lesson plans, virtual whiteboard",50,80 - 120,Hour
19,All Business Sizes,Education,Course Creation,Develop online courses and educational content for various topics.,Digital Delivery,1,1 Hour,"Quizzes, certification options",50,400 - 800,Hour
20,All Business Sizes,Research,Market Research,Conduct market research and gather insights for business strategies.,Digital Delivery,1,1 Hour,"Survey creation, trend analysis",50,200 - 500,Hour
21,All Business Sizes,Data,Data Analysis,Analyze data and generate reports for business decision-making.,Digital Delivery,1,1 Hour,"Visualization, custom reporting",50,200 - 400,Hour
22,All Business Sizes,Writing,Story Writing,"Write stories, novels, or screenplays. Offer ghostwriting services.",Digital Delivery,1,1 Hour,"Illustrations, co-authoring",50,300 - 600,Hour
23,All Business Sizes,Writing,Game Development,"Create storylines, dialogues, and game content for game development.",Digital Delivery,1,1 Hour,"Custom characters, plotlines",50,"800 - 1,500",Hour
24,All Business Sizes,Consulting,Business Consulting,Provide insights and strategies for businesses based on industry research.,Digital Delivery,1,1 Hour,"Workshops, implementation plans",50,"1,200 - 2,000",Hour
25,All Business Sizes,Support,Tech Support,Offer tech support and troubleshooting assistance.,Digital Delivery,1,1 Hour,"Remote assistance, setup tutorials",50,150 - 300,Hour
26,All Business Sizes,Writing,E-books and Guides,"Create and sell e-books, guides, and templates on various topics.",Digital Delivery,1,1 Hour,"Printable templates, resale rights",50,80 - 120,Hour
27,All Business Sizes,Subscriptions,Subscription Services,Offer subscription-based services for exclusive content and newsletters.,Digital Delivery,1,1 Hour,"Exclusive access, premium content",50,15 - 50/month,Hour
28,All Business Sizes,Brand Identity,Content Creation for Affiliates,"Write reviews, comparisons, and promotional content for affiliate marketing.",Digital Delivery,1,1 Hour,"Affiliate optimization, bonus content",50,120 - 200,Hour
29,All Business Sizes,Programming,Custom Chatbots,Develop and sell customized chatbot solutions for businesses.,Digital Delivery,1,1 Hour,"AI-powered chatbots, multi-platform compatibility",50,400 - 700,Hour
30,All Business Sizes,Mobile/Web Development,SEO Content,Write SEO-optimized content to improve website rankings.,Digital Delivery,1,1 Hour,"Keyword research, competitor analysis",50,120 - 200,Hour
31,All Business Sizes,Writing,Ad Copy,Create effective ad copy for online advertisements.,Digital Delivery,1,1 Hour,"A/B testing, conversion-focused writing",50,80 - 150,Hour
32,Small,Web3,Web3 Consulting and Education,"Provide guidance and training on Web3 technologies, including blockchain, NFTs, and decentralized ecosystems.",Digital Delivery,3,7-10 Business Days,"Customized training modules, industry-specific consultations",2500,"1,000 - 5,000",Project
33,Small,Web3,Smart Contract Development,Design and deploy secure smart contracts for various blockchain platforms to automate transactions.,Digital Delivery,3,4-5 Business Days,"Multi-platform support, advanced testing options",5000,"2,000 - 10,000",Project
34,Small,Web3,NFT Integration,Integrate non-fungible token functionality into platforms for digital asset creation and management.,Digital Delivery,5,15-20 Business Days,"Cross-chain compatibility, dynamic metadata options",11000,"3,000 - 15,000",Project
35,Small,Web3,Decentralized Web Hosting,Set up decentralized hosting solutions to ensure content availability and censorship resistance.,Digital Delivery,3,4-5 Business Days,"Scalable storage, enhanced privacy features",1500,"500 - 3,000",Project
36,Small,Web3,Blockchain-Based Payment Integration,Implement blockchain payment gateways to enable secure and fast cryptocurrency transactions.,Digital Delivery,3,7-10 Business Days,"Support for multiple cryptocurrencies, real-time transaction monitoring",4500,"1,500 - 7,000",Project
37,Medium,Web3,Custom Blockchain Solutions,Develop tailored blockchain platforms to meet unique business requirements.,Digital Delivery,5,25-30 Business Days,"Custom consensus algorithms, modular architecture",30000,"10,000 - 50,000",Project
38,Medium,Web3,Decentralized Applications (DApps),Build user-friendly decentralized applications with blockchain-based backend systems.,Digital Delivery,5,40-50 Business Days,"Custom UI/UX design, integration with existing platforms",45000,"15,000 - 75,000",Project
39,Medium,Web3,Tokenization Services,"Assist in creating and managing digital tokens for assets, products, and services.",Digital Delivery,5,15-20 Business Days,"Regulatory-compliant token standards, asset-backed token creation",15000,"8,000 - 30,000",Project
40,Medium,Web3,Identity and Data Management Solutions,Provide blockchain solutions for secure identity verification and data privacy.,Digital Delivery,5,15-20 Business Days,"Decentralized identity support, GDPR-compliant solutions",25000,"10,000 - 40,000",Project
41,Medium,Web3,Cross-Chain Solutions,Enable seamless interoperability and data exchange between multiple blockchain networks.,Digital Delivery,5,25-30 Business Days,"Bridge development, real-time synchronization",75000,"20,000 - 100,000",Project
42,Large,Web3,Enterprise Blockchain Integration,Integrate blockchain systems into enterprise workflows for improved efficiency and security.,Digital Delivery,5,40-50 Business Days,"Custom API integrations, enterprise-grade scalability",150000,"50,000 - 250,000",Project
43,Large,Web3,DeFi Integration,"Incorporate decentralized finance protocols into platforms for lending, trading, and staking.",Digital Delivery,5,40-50 Business Days,"Yield farming integration, liquidity pool management",100000,"30,000 - 150,000",Project
44,Large,Web3,Supply Chain Transparency,Leverage blockchain to provide real-time tracking and verification of supply chain activities.,Digital Delivery,5,40-50 Business Days,"IoT integration, tamper-proof audit trails",200000,"75,000 - 300,000",Project
45,Large,Web3,Corporate Governance Solutions,Develop blockchain-based systems for transparent corporate governance and voting.,Digital Delivery,5,40-50 Business Days,"Custom voting algorithms, shareholder management tools",120000,"40,000 - 200,000",Project
46,Large,Web3,Security Token Offerings (STO),Facilitate the creation and issuance of security tokens for fundraising and investment.,Digital Delivery,5,40-50 Business Days,"Compliance with SEC regulations, investor dashboards",175000,"50,000 - 300,000",Project
47,Cross-Business,Web3,Web3 Security Audits,Conduct comprehensive audits to ensure the security of Web3 applications and smart contracts.,Digital Delivery,3,7-10 Business Days,"Vulnerability assessments, penetration testing",18000,"5,000 - 25,000",Project
48,Cross-Business,Web3,Interoperability Solutions,Provide solutions to connect and integrate different blockchain networks efficiently.,Digital Delivery,3,25-30 Business Days,"Custom bridge protocols, hybrid chain compatibility",85000,"20,000 - 150,000",Project
49,Cross-Business,Web3,Web3 Infrastructure Consulting,Offer strategic advice on building scalable and reliable Web3 infrastructure.,Digital Delivery,3,7-10 Business Days,"Performance optimization, future-proof architecture",35000,"10,000 - 50,000",Project
50,Cross-Business,Web3,Regulatory Compliance,Help businesses navigate and comply with blockchain and Web3-related regulations.,Digital Delivery,3,7-10 Business Days,"Global compliance support, legal risk assessment",55000,"15,000 - 75,000",Project
51,Small Business,Wordpress,Basic Website Setup and Customization,"Setting up a WordPress site with essential plugins and a customized theme; Designing a simple, user-friendly layout that reflects the business’s brand; Creating basic pages (Home, About, Services, Contact)",Digital Delivery,1,1-3 Business Days,"Custom page layouts, additional plugins installation",500,400 - 700,Project
52,Small Business,Wordpress,E-Commerce Integration,Setting up WooCommerce or other e-commerce plugins. Configuring payment gateways and product pages.  Training the client on how to manage their online store.,Digital Delivery,1,1-3 Business Days,"Multi-vendor marketplace setup, advanced shipping options",800,"700 - 1,200",Project
53,Small Business,Wordpress,Website Maintenance and Support,"Regular updates for WordPress core, themes, and plugins; Backup and restore services; Security monitoring and malware removal",Digital Delivery,1,1-3 Business Days,"24/7 support, priority incident response",300,250 - 500,Project
54,Small Business,Wordpress,SEO Optimization,"Basic on-page SEO setup (title tags, meta descriptions, alt text); Installation and configuration of SEO plugins like Yoast SEO; Local SEO strategies for small businesses targeting local customers",Digital Delivery,1,1-3 Business Days,"Schema markup setup, keyword research",400,350 - 600,Project
55,Small Business,Wordpress,Content Management and Blog Setup,Setting up a blog section and training on content management.  Creating and scheduling blog posts.  Ensuring the blog is optimized for SEO.,Digital Delivery,1,1-3 Business Days,"Custom categories, featured blog designs",350,300 - 500,Project
56,Small Business,Wordpress,Speed Optimization,"Implementing caching solutions; Image optimization; Minimizing CSS, JavaScript, and HTML",Digital Delivery,1,1-3 Business Days,"Advanced caching strategies, CDN setup",300,250 - 450,Project
57,Medium Business,Wordpress,Advanced Customization and Theme Development,"Developing custom themes tailored to the brand; Integrating advanced features like custom post types, fields, and taxonomies",Digital Delivery,3,3-5 Business Days,"Additional page templates, custom animations",1000,"800 - 1,500",Project
58,Medium Business,Wordpress,Advanced E-Commerce Solutions,Multi-currency and multi-language support.  Integration with CRM and ERP systems.  Subscription-based services and membership sites.,Digital Delivery,3,3-5 Business Days,"Recurring payment options, dynamic pricing",1500,"1,200 - 2,000",Project
59,Medium Business,Wordpress,Custom Plugin Development,Developing custom plugins to add unique functionality.  Modifying existing plugins to suit specific business needs.,Digital Delivery,1,1-3 Business Days,"Extended plugin functionality, API integrations",1200,"1,000 - 1,800",Project
60,Medium Business,Wordpress,Content Strategy and Management,"Developing a content strategy to drive engagement and conversions; Implementing content marketing tactics, including blogging, video, and social media integration",Digital Delivery,1,1-3 Business Days,"Social media content planning, video editing support",600,500 - 900,Project
61,Medium Business,Wordpress,Analytics and Conversion Optimization,"Setting up Google Analytics, heatmaps, and conversion tracking; A/B testing of pages to improve conversion rates; Implementing user feedback mechanisms like surveys and reviews",Digital Delivery,1,1-3 Business Days,"Detailed funnel analysis, custom tracking reports",700,"600 - 1,000",Project
62,Medium Business,Wordpress,Ongoing Website Maintenance and Performance Optimization,Regular performance audits and speed enhancements.  Proactive security measures and monitoring.  Custom reports and analytics review sessions.,Digital Delivery,3,3-5 Business Days,"Dedicated account manager, real-time monitoring",500/month,400 - 800/month,Project
63,Large Business,Wordpress,Enterprise-Level WordPress Development,"Building scalable WordPress multisite networks; Integrating WordPress with enterprise-level tools and platforms (CRM, ERP, etc.); Developing custom APIs for integration with other systems",Digital Delivery,3,3-5 Business Days,"Custom dashboard integration, enterprise-grade security",3000,"2,500 - 4,500",Project
64,Large Business,Wordpress,Custom Theme and Plugin Development,"Designing highly customized, brand-specific themes; Developing enterprise-grade plugins with complex functionalities; Continuous development and iterative updates based on business needs",Digital Delivery,3,3-5 Business Days,"Iterative updates, multi-device testing",2500,"2,000 - 4,000",Project
65,Large Business,Wordpress,Advanced E-Commerce and Marketplace Solutions,"Creating large-scale online stores with hundreds or thousands of products; Developing custom checkout processes, user roles, and permission management; Integration with third-party logistics and inventory management systems",Digital Delivery,3,3-5 Business Days,"Advanced inventory management, warehouse integration",5000,"4,000 - 7,500",Project
66,Large Business,Wordpress,Comprehensive SEO and Digital Marketing,"Advanced SEO strategies including technical SEO audits, backlinking, and content optimization; Implementing large-scale digital marketing campaigns; Managing and optimizing PPC campaigns and social media ads",Digital Delivery,3,3-5 Business Days,"Custom ad campaigns, ongoing SEO support",2000,"1,500 - 3,000",Project
67,Large Business,Wordpress,Security and Compliance Services,"Implementing enterprise-level security protocols; Ensuring compliance with industry regulations (GDPR, CCPA, etc.); Regular security audits and penetration testing",Digital Delivery,3,3-5 Business Days,"Custom security dashboards, vulnerability fixes",1500,"1,200 - 2,000",Project
68,Large Business,Wordpress,High Availability and Performance Optimization,"Implementing CDN, advanced caching, and database optimization; Setting up and managing redundant hosting and disaster recovery plans; Ensuring the site can handle high traffic with minimal downtime",Digital Delivery,3,3-5 Business Days,"Failover systems, real-time traffic management",2500,"2,000 - 3,500",Project
69,Large Business,Wordpress,Custom Reporting and Data Analysis,Developing custom dashboards and reports for business intelligence.  Integrating WordPress data with other business systems for holistic insights.  Ongoing data analysis to inform strategy and decision-making.,Digital Delivery,3,3-5 Business Days,"Interactive dashboards, predictive analytics",800,"700 - 1,200",Project
70,All Business Sizes,Wordpress,Training and Consulting,Providing WordPress training for in-house teams.  Offering consultation services on best practices and digital strategy.,Digital Delivery,1,1-3 Business Days,"Custom training modules, hands-on workshops",500,400 - 700,Project
71,All Business Sizes,Wordpress,Website Redesign and Rebranding,Redesigning existing websites to align with new branding or market shifts. Improving user experience (UX) and user interface (UI).,Digital Delivery,1,1-3 Business Days,"Prototyping, A/B testing for design elements",1000,"800 - 1,500",Project
72,All Business Sizes,Wordpress,Migration Services,Migrating websites to WordPress from other platforms.  Transferring WordPress sites between hosting providers without downtime.,Digital Delivery,1,1-3 Business Days,"Data validation, SEO migration plans",600,500 - 900,Project
73,All Business Sizes,Wordpress,Accessibility and Usability Enhancements,Ensuring websites meet accessibility standards (WCAG 2.1). Conducting usability testing and making necessary adjustments.,Digital Delivery,1,1-3 Business Days,"Custom accessibility testing, detailed compliance reports",700,"600 - 1,000",Project
74,Small Business,Mobile/Web Development,Basic Website Development,"Creating a simple, responsive website using HTML, CSS, and JavaScript; Developing a user-friendly interface tailored to the brand; Setting up essential pages like Home, About, Services, and Contact",Digital Delivery,7,7-10 Business Days,"Custom Design vs. Template, Additional Pages, Interactive Elements",3000,"3,000 - 8,000",Project
75,Small Business,Mobile/Web Development,E-Commerce Development,"Building an online store with platforms like Shopify, WooCommerce, or Magento; Setting up payment gateways and product management; Training on store management and inventory tracking",Digital Delivery,1,10-15 Business Days,"Number of Products, Custom Checkout Processes, Integration with Third-Party Systems",5000,"5,000 - 20,000",Project
76,Small Business,Mobile/Web Development,Website Maintenance and Support,Regular updates for the website’s backend and frontend technologies. Performing backups and ensuring quick recovery options.  Monitoring security and fixing vulnerabilities. ,Digital Delivery,1,2-3 Business Days,"Frequency of Updates, Level of Support, Backup Services",500,"500 - 2,000 per month",Project
77,Small Business,Mobile/Web Development,SEO and Online Presence Optimization,Implementing basic on-page SEO strategies. Setting up Google My Business for local search visibility. Integrating social media and managing basic online marketing campaigns.,Digital Delivery,1,5-7 Business Days,"Content Creation, Link Building, Geographical Targeting",300,"300 - 1,600 per month",Project
78,Small Business,Mobile/Web Development,Content Management and Blogging,Setting up a CMS like WordPress or Joomla. Training on content creation and management. Ensuring the blog is optimized for SEO and social sharing.,Digital Delivery,1,3-5 Business Days,"Frequency of Posts, Content Length and Depth, Editorial Calendar Management",2000,"2,000 - 10,000 for setup, 500 - 2,000 per month for ongoing management",Project
79,Small Business,Mobile/Web Development,Performance Optimization,Optimizing website speed by compressing images and code. Implementing caching solutions. Ensuring the website performs well on mobile devices.,Digital Delivery,1,3-5 Business Days,"Current Site Performance, Hosting Environment, Traffic Levels",1000,"1,000 - 5,000 one-time cost, plus ongoing support fees",Project
80,Medium Business,Mobile/Web Development,Custom Web Application Development,"Developing custom web applications tailored to business needs; Implementing advanced features such as user accounts, dashboards, and data processing; Integrating APIs and third-party services",Digital Delivery,1,15-20 Business Days,"Complexity of Business Logic, User Roles and Permissions, Scalability Requirements",10000,"10,000 - 75,000+",Project
81,Medium Business,Mobile/Web Development,Advanced E-Commerce Solutions,Creating sophisticated e-commerce platforms with custom features. Developing multi-vendor marketplaces and subscription models. Integrating CRM and inventory management systems.,Digital Delivery,3,20-25 Business Days,"Subscription Models, Inventory and Order Management, Custom Analytics",20000,"20,000 - 40,000",Project
82,Medium Business,Mobile/Web Development,UI/UX Design and Development,Designing and developing intuitive user interfaces. Conducting user experience (UX) research and testing. Implementing design systems and ensuring brand consistency.,Digital Delivery,1,10-15 Business Days,"Number of Iterations, User Testing, Accessibility Compliance",5000,"5,000 - 15,000+",Project
83,Medium Business,Mobile/Web Development,Content Strategy and Marketing Integration,Creating a comprehensive content strategy that drives engagement. Integrating content marketing with social media and email marketing campaigns. Using analytics to optimize content performance.,Digital Delivery,1,5-7 Business Days,"Multilingual Content, Advanced Analytics Integration, Cross-Platform Campaigns",5000,"5,000 - 20,000 for initial setup; ongoing management costs vary",Project
84,Medium Business,Mobile/Web Development,Web Security and Compliance,"Implementing advanced security protocols like SSL, firewalls, regular audits, and ensuring compliance with regulations like GDPR",Digital Delivery,2,7-10 Business Days,"Level of Security, Compliance Standards, Incident Response Planning",3000,"3,000 - 10,000+",Project
85,Medium Business,Mobile/Web Development,Ongoing Support and Performance Monitoring,Providing continuous support for website enhancements and fixes. Regular performance audits and optimizations. Offering detailed reporting and insights on website traffic and user behavior.,Digital Delivery,1,3-5 Business Days,"Proactive Monitoring, Custom Reporting, Dedicated Support Teams",1500,"1,500 - 5,000 per month",Project
86,Large Business,Mobile/Web Development,Enterprise-Level Web Development,"Building large-scale web platforms with scalable architecture; Implementing enterprise-grade solutions like microservices, cloud integration, and load balancing",Digital Delivery,3,25-30 Business Days,"Customization Level, Infrastructure Requirements, Global Reach",50000,"50,000 - 150,000+",Project
87,Large Business,Mobile/Web Development,Advanced Integration and API Development,Developing custom APIs for integration with other enterprise systems. Ensuring seamless data flow and synchronization.,Digital Delivery,3,15-20 Business Days,"Number of Integrations, Real-Time Data, Custom Middleware",20000,"20,000 - 75,000+",Project
88,Large Business,Mobile/Web Development,Data Analytics and Business Intelligence,"Setting up advanced analytics tools, custom dashboards, and integrating with big data solutions for predictive analysis",Digital Delivery,3,10-15 Business Days,"Big Data Integration, Custom Reporting, AI Integration",15000,"15,000 - 50,000+",Project
89,Large Business,Mobile/Web Development,Security and Risk Management,"Implementing high-level security measures including DDoS protection, encryption, and regular penetration testing",Digital Delivery,3,7-10 Business Days,"Incident Response, Compliance Audits, Data Encryption",10000,"10,000 - 30,000+",Project
90,Large Business,Mobile/Web Development,Performance and Scalability Optimization,"Ensuring high availability and scalability through load balancing, CDN integration, and database optimization",Digital Delivery,3,7-10 Business Days,"Traffic Management, Global CDN Integration, Redundant Systems",5000,"5,000 - 25,000+",Project
91,Large Business,Mobile/Web Development,Custom Software and Application Development,Developing custom software solutions tailored to specific business needs. Creating complex web applications with advanced functionality. Providing ongoing support and iterative improvements.,Digital Delivery,3,20-25 Business Days,"Feature Complexity, Scalability Requirements, Ongoing Support",30000,"30,000 - 100,000+",Project
92,All Business Sizes,Mobile/Web Development,Consulting and Strategy Development,Offering consulting services for digital transformation and online strategy. Helping businesses choose the right technologies and platforms. Providing guidance on best practices in web development.,Digital Delivery,1,5-7 Business Days,"Industry Specialization, Long-Term Engagement, Strategic Implementation",100,100 - 250 per hour,Project
93,All Business Sizes,Mobile/Web Development,Website Redesign and Optimization,Redesigning existing websites to improve performance and user experience. Updating designs to reflect current trends and branding. Conducting usability testing and implementing user feedback.,Digital Delivery,1,7-10 Business Days,"Scope of Redesign, User Feedback Integration, Brand Consistency",5000,"5,000 - 20,000+",Project
94,All Business Sizes,Mobile/Web Development,Migration and Platform Transition,Migrating websites or applications to new platforms or hosting providers. Ensuring a smooth transition with minimal downtime. Handling data migration and reconfiguration of services.,Digital Delivery,1,3-5 Business Days,"Size and Complexity of Site, Downtime Minimization, Data Integrity",3000,"3,000 - 10,000",Project
95,All Business Sizes,Mobile/Web Development,Accessibility and Compliance,"Ensuring websites meet accessibility standards (WCAG, ADA); Making websites usable for people with disabilities; Conducting compliance audits and implementing necessary changes",Digital Delivery,1,5-7 Business Days,"Level of Compliance, Ongoing Maintenance, User Testing",2000,"2,000 - 15,000",Project
96,All Business Sizes,Photography,Headshots,"Professional headshots for personal branding, LinkedIn profiles, and corporate needs. Includes 3 fully retouched images.",Digital Delivery,1,1-2 Business Days,"Additional images ($30 each), location-based session ($50 travel fee)",150,150-250,Project
97,All Business Sizes,Photography,Real Estate Photography,High-quality interior and exterior photos for property listings. Includes up to 25 edited images showcasing the best features of the property.,Digital Delivery,1,1-2 Business Days,Twilight shots ($75),250,250-500,Project
98,All Business Sizes,Photography,Product Photography,Studio-quality images for e-commerce or advertising. Pricing covers up to 5 products with basic retouching. Additional products can be included for $15 each.,Digital Delivery,1,1-2 Business Days,"Advanced styling/props ($50-$100 per setup), bulk pricing for large product catalogs (custom price).",200,200-400,Project
99,All Business Sizes,Photography,Photo Restoration,"Digitally restore old, damaged, or faded photographs. Pricing covers one photo and includes color correction, scratch removal, and minor reconstruction.",Digital Delivery,1,1-2 Business Days,Heavily damaged photos ($75),50,50-150,Project
100,All Business Sizes,Photography,Retouching,"Enhance and perfect images through professional editing. Includes skin smoothing, color correction, and background clean-up. Price is per image.",Digital Delivery,1,1-2 Business Days,"Complex edits like object removal ($50+), bulk pricing for multiple images (custom price)",30,30-100,Project
101,All Business Sizes,Photography,Group Photos,"Capture group portraits for families, teams, or special events. Includes 5 fully edited images.",Digital Delivery,1,1-2 Business Days,"Additional images ($30 each), outdoor or on-location fee ($75)",200,200-350,Project
